,full_path,im_path,set_name,label
0,dataset/100/img-2011-07-01-0955-1.JPG,100/img-2011-07-01-0955-1.JPG,100,discard
1,dataset/100/img-2011-07-01-0955.JPG,100/img-2011-07-01-0955.JPG,100,keep
2,dataset/101/img-2011-07-01-1103-1.JPG,101/img-2011-07-01-1103-1.JPG,101,discard
3,dataset/101/img-2011-07-01-1103-2.JPG,101/img-2011-07-01-1103-2.JPG,101,discard
4,dataset/101/img-2011-07-01-1103-3.JPG,101/img-2011-07-01-1103-3.JPG,101,keep
5,dataset/101/img-2011-07-01-1103-4.JPG,101/img-2011-07-01-1103-4.JPG,101,discard
6,dataset/101/img-2011-07-01-1103-5.JPG,101/img-2011-07-01-1103-5.JPG,101,discard
7,dataset/101/img-2011-07-01-1103.JPG,101/img-2011-07-01-1103.JPG,101,discard
8,dataset/102/img-2011-07-01-1103-6.JPG,102/img-2011-07-01-1103-6.JPG,102,keep
9,dataset/102/img-2011-07-01-1103-7.JPG,102/img-2011-07-01-1103-7.JPG,102,discard
10,dataset/103/img-2011-07-01-1126-1.JPG,103/img-2011-07-01-1126-1.JPG,103,discard
11,dataset/103/img-2011-07-01-1126-2.JPG,103/img-2011-07-01-1126-2.JPG,103,keep
12,dataset/103/img-2011-07-01-1126-3.JPG,103/img-2011-07-01-1126-3.JPG,103,discard
13,dataset/103/img-2011-07-01-1126-5.JPG,103/img-2011-07-01-1126-5.JPG,103,keep
14,dataset/103/img-2011-07-01-1126.JPG,103/img-2011-07-01-1126.JPG,103,discard
15,dataset/103/img-2011-07-01-1127-1.JPG,103/img-2011-07-01-1127-1.JPG,103,discard
16,dataset/103/img-2011-07-01-1127.JPG,103/img-2011-07-01-1127.JPG,103,discard
17,dataset/104/img-2011-07-01-1224-1.JPG,104/img-2011-07-01-1224-1.JPG,104,discard
18,dataset/104/img-2011-07-01-1224-2.JPG,104/img-2011-07-01-1224-2.JPG,104,discard
19,dataset/104/img-2011-07-01-1224-3.JPG,104/img-2011-07-01-1224-3.JPG,104,keep
20,dataset/105/img-2011-07-01-1228.JPG,105/img-2011-07-01-1228.JPG,105,discard
21,dataset/105/img-2011-07-01-1229-1.JPG,105/img-2011-07-01-1229-1.JPG,105,discard
22,dataset/105/img-2011-07-01-1229-2.JPG,105/img-2011-07-01-1229-2.JPG,105,discard
23,dataset/105/img-2011-07-01-1229.JPG,105/img-2011-07-01-1229.JPG,105,keep
24,dataset/106/img-2011-07-01-1629-1.JPG,106/img-2011-07-01-1629-1.JPG,106,keep
25,dataset/106/img-2011-07-01-1629-2.JPG,106/img-2011-07-01-1629-2.JPG,106,discard
26,dataset/106/img-2011-07-01-1629-3.JPG,106/img-2011-07-01-1629-3.JPG,106,discard
27,dataset/106/img-2011-07-01-1629.JPG,106/img-2011-07-01-1629.JPG,106,discard
28,dataset/107/img-2011-07-01-1630-1.JPG,107/img-2011-07-01-1630-1.JPG,107,discard
29,dataset/107/img-2011-07-01-1630.JPG,107/img-2011-07-01-1630.JPG,107,discard
30,dataset/107/img-2011-07-01-1631-1.JPG,107/img-2011-07-01-1631-1.JPG,107,discard
31,dataset/107/img-2011-07-01-1631-2.JPG,107/img-2011-07-01-1631-2.JPG,107,discard
32,dataset/107/img-2011-07-01-1631.JPG,107/img-2011-07-01-1631.JPG,107,discard
33,dataset/107/img-2011-07-01-1633-1.JPG,107/img-2011-07-01-1633-1.JPG,107,discard
34,dataset/107/img-2011-07-01-1633-2.JPG,107/img-2011-07-01-1633-2.JPG,107,discard
35,dataset/107/img-2011-07-01-1633-3.JPG,107/img-2011-07-01-1633-3.JPG,107,keep
36,dataset/107/img-2011-07-01-1633.JPG,107/img-2011-07-01-1633.JPG,107,discard
37,dataset/108/img-2011-07-04-1406-1.JPG,108/img-2011-07-04-1406-1.JPG,108,discard
38,dataset/108/img-2011-07-04-1406-2.JPG,108/img-2011-07-04-1406-2.JPG,108,keep
39,dataset/108/img-2011-07-04-1406.JPG,108/img-2011-07-04-1406.JPG,108,discard
40,dataset/109/img-2011-07-04-1516-1.JPG,109/img-2011-07-04-1516-1.JPG,109,keep
41,dataset/109/img-2011-07-04-1516-2.JPG,109/img-2011-07-04-1516-2.JPG,109,discard
42,dataset/109/img-2011-07-04-1516-3.JPG,109/img-2011-07-04-1516-3.JPG,109,discard
43,dataset/109/img-2011-07-04-1516-4.JPG,109/img-2011-07-04-1516-4.JPG,109,keep
44,dataset/109/img-2011-07-04-1516-5.JPG,109/img-2011-07-04-1516-5.JPG,109,discard
45,dataset/109/img-2011-07-04-1516.JPG,109/img-2011-07-04-1516.JPG,109,discard
46,dataset/110/img-2011-07-04-1518-1.JPG,110/img-2011-07-04-1518-1.JPG,110,discard
47,dataset/110/img-2011-07-04-1518.JPG,110/img-2011-07-04-1518.JPG,110,keep
48,dataset/111/img-2011-07-06-2120-1.JPG,111/img-2011-07-06-2120-1.JPG,111,discard
49,dataset/111/img-2011-07-06-2120-2.JPG,111/img-2011-07-06-2120-2.JPG,111,discard
50,dataset/111/img-2011-07-06-2120.JPG,111/img-2011-07-06-2120.JPG,111,discard
51,dataset/112/img-2011-07-08-1236-1.JPG,112/img-2011-07-08-1236-1.JPG,112,discard
52,dataset/112/img-2011-07-08-1236.JPG,112/img-2011-07-08-1236.JPG,112,keep
53,dataset/113/img-2011-07-08-1243-1.JPG,113/img-2011-07-08-1243-1.JPG,113,keep
54,dataset/113/img-2011-07-08-1243.JPG,113/img-2011-07-08-1243.JPG,113,discard
55,dataset/114/img-2011-07-08-1250-1.JPG,114/img-2011-07-08-1250-1.JPG,114,discard
56,dataset/114/img-2011-07-08-1250.JPG,114/img-2011-07-08-1250.JPG,114,discard
57,dataset/116/img-2011-07-16-1749-1.JPG,116/img-2011-07-16-1749-1.JPG,116,keep
58,dataset/116/img-2011-07-16-1749-2.JPG,116/img-2011-07-16-1749-2.JPG,116,discard
59,dataset/117/img-2011-07-22-2039-1.JPG,117/img-2011-07-22-2039-1.JPG,117,discard
60,dataset/117/img-2011-07-22-2039-2.JPG,117/img-2011-07-22-2039-2.JPG,117,discard
61,dataset/117/img-2011-07-22-2039.JPG,117/img-2011-07-22-2039.JPG,117,discard
62,dataset/118/img-2011-07-16-1747-1.JPG,118/img-2011-07-16-1747-1.JPG,118,keep
63,dataset/118/img-2011-07-16-1747.JPG,118/img-2011-07-16-1747.JPG,118,discard
64,dataset/119/img-2011-07-16-1747-2.JPG,119/img-2011-07-16-1747-2.JPG,119,discard
65,dataset/119/img-2011-07-16-1747-3.JPG,119/img-2011-07-16-1747-3.JPG,119,keep
66,dataset/120/img-2011-07-16-1747-4.JPG,120/img-2011-07-16-1747-4.JPG,120,discard
67,dataset/120/img-2011-07-16-1748.JPG,120/img-2011-07-16-1748.JPG,120,keep
68,dataset/121/img-2011-07-23-1520-1.JPG,121/img-2011-07-23-1520-1.JPG,121,discard
69,dataset/121/img-2011-07-23-1520-2.JPG,121/img-2011-07-23-1520-2.JPG,121,discard
70,dataset/121/img-2011-07-23-1520.JPG,121/img-2011-07-23-1520.JPG,121,discard
71,dataset/122/img-2011-07-24-1211-1.JPG,122/img-2011-07-24-1211-1.JPG,122,discard
72,dataset/122/img-2011-07-24-1211.JPG,122/img-2011-07-24-1211.JPG,122,keep
73,dataset/123/img-2011-07-24-1333-1.JPG,123/img-2011-07-24-1333-1.JPG,123,keep
74,dataset/123/img-2011-07-24-1333.JPG,123/img-2011-07-24-1333.JPG,123,keep
75,dataset/124/img-2011-07-24-1335-1.JPG,124/img-2011-07-24-1335-1.JPG,124,discard
76,dataset/124/img-2011-07-24-1335.JPG,124/img-2011-07-24-1335.JPG,124,discard
77,dataset/125/img-2011-07-24-1343-1.JPG,125/img-2011-07-24-1343-1.JPG,125,keep
78,dataset/125/img-2011-07-24-1343.JPG,125/img-2011-07-24-1343.JPG,125,discard
79,dataset/126/img-2011-07-24-1353-3.JPG,126/img-2011-07-24-1353-3.JPG,126,discard
80,dataset/126/img-2011-07-24-1353-4.JPG,126/img-2011-07-24-1353-4.JPG,126,discard
81,dataset/126/img-2011-07-24-1353-5.JPG,126/img-2011-07-24-1353-5.JPG,126,discard
82,dataset/126/img-2011-07-24-1353-6.JPG,126/img-2011-07-24-1353-6.JPG,126,discard
83,dataset/126/img-2011-07-24-1353-7.JPG,126/img-2011-07-24-1353-7.JPG,126,discard
84,dataset/126/img-2011-07-24-1354.JPG,126/img-2011-07-24-1354.JPG,126,keep
85,dataset/127/img-2011-07-24-1409-1.JPG,127/img-2011-07-24-1409-1.JPG,127,discard
86,dataset/127/img-2011-07-24-1409-2.JPG,127/img-2011-07-24-1409-2.JPG,127,discard
87,dataset/128/img-2011-07-28-1009-1.JPG,128/img-2011-07-28-1009-1.JPG,128,discard
88,dataset/128/img-2011-07-28-1009-2.JPG,128/img-2011-07-28-1009-2.JPG,128,keep
89,dataset/128/img-2011-07-28-1009-3.JPG,128/img-2011-07-28-1009-3.JPG,128,discard
90,dataset/128/img-2011-07-28-1009.JPG,128/img-2011-07-28-1009.JPG,128,discard
91,dataset/128/img-2011-07-28-1010-1.JPG,128/img-2011-07-28-1010-1.JPG,128,keep
92,dataset/128/img-2011-07-28-1010-2.JPG,128/img-2011-07-28-1010-2.JPG,128,discard
93,dataset/128/img-2011-07-28-1010.JPG,128/img-2011-07-28-1010.JPG,128,discard
94,dataset/129/img-2011-07-30-1329-1.JPG,129/img-2011-07-30-1329-1.JPG,129,keep
95,dataset/129/img-2011-07-30-1329-2.JPG,129/img-2011-07-30-1329-2.JPG,129,discard
96,dataset/130/img-2011-08-16-1426.JPG,130/img-2011-08-16-1426.JPG,130,discard
97,dataset/130/img-2011-08-16-1427-1.JPG,130/img-2011-08-16-1427-1.JPG,130,discard
98,dataset/130/img-2011-08-16-1427-2.JPG,130/img-2011-08-16-1427-2.JPG,130,discard
99,dataset/130/img-2011-08-16-1427-3.JPG,130/img-2011-08-16-1427-3.JPG,130,discard
100,dataset/130/img-2011-08-16-1427.JPG,130/img-2011-08-16-1427.JPG,130,keep
101,dataset/131/img-2011-08-17-1149-1.JPG,131/img-2011-08-17-1149-1.JPG,131,discard
102,dataset/131/img-2011-08-17-1149.JPG,131/img-2011-08-17-1149.JPG,131,discard
103,dataset/131/img-2011-08-17-1150.JPG,131/img-2011-08-17-1150.JPG,131,keep
104,dataset/132/img-2011-08-17-1204-1.JPG,132/img-2011-08-17-1204-1.JPG,132,keep
105,dataset/132/img-2011-08-17-1204-2.JPG,132/img-2011-08-17-1204-2.JPG,132,discard
106,dataset/132/img-2011-08-17-1204.JPG,132/img-2011-08-17-1204.JPG,132,discard
107,dataset/133/img-2011-08-17-1204-5.JPG,133/img-2011-08-17-1204-5.JPG,133,keep
108,dataset/133/img-2011-08-17-1205.JPG,133/img-2011-08-17-1205.JPG,133,discard
109,dataset/134/img-2011-08-22-2103.JPG,134/img-2011-08-22-2103.JPG,134,discard
110,dataset/134/img-2011-08-22-2104.JPG,134/img-2011-08-22-2104.JPG,134,keep
111,dataset/135/img-2011-08-26-1040-1.JPG,135/img-2011-08-26-1040-1.JPG,135,discard
112,dataset/135/img-2011-08-26-1040.JPG,135/img-2011-08-26-1040.JPG,135,keep
113,dataset/136/img-2011-09-02-1708-1.JPG,136/img-2011-09-02-1708-1.JPG,136,discard
114,dataset/136/img-2011-09-02-1708-2.JPG,136/img-2011-09-02-1708-2.JPG,136,discard
115,dataset/136/img-2011-09-02-1708-3.JPG,136/img-2011-09-02-1708-3.JPG,136,discard
116,dataset/136/img-2011-09-02-1708-4.JPG,136/img-2011-09-02-1708-4.JPG,136,discard
117,dataset/136/img-2011-09-02-1708-5.JPG,136/img-2011-09-02-1708-5.JPG,136,discard
118,dataset/136/img-2011-09-02-1708.JPG,136/img-2011-09-02-1708.JPG,136,discard
119,dataset/136/img-2011-09-02-1709-1.JPG,136/img-2011-09-02-1709-1.JPG,136,discard
120,dataset/136/img-2011-09-02-1709-2.JPG,136/img-2011-09-02-1709-2.JPG,136,discard
121,dataset/136/img-2011-09-02-1709-3.JPG,136/img-2011-09-02-1709-3.JPG,136,keep
122,dataset/136/img-2011-09-02-1709.JPG,136/img-2011-09-02-1709.JPG,136,discard
123,dataset/136/img-2011-09-02-1710.JPG,136/img-2011-09-02-1710.JPG,136,discard
124,dataset/137/img-2011-09-18-1513-1.JPG,137/img-2011-09-18-1513-1.JPG,137,discard
125,dataset/137/img-2011-09-18-1513.JPG,137/img-2011-09-18-1513.JPG,137,keep
126,dataset/138/img-2011-10-17-1531-1.jpg,138/img-2011-10-17-1531-1.jpg,138,discard
127,dataset/138/img-2011-10-17-1531-2.jpg,138/img-2011-10-17-1531-2.jpg,138,discard
128,dataset/138/img-2011-10-17-1531-3.jpg,138/img-2011-10-17-1531-3.jpg,138,discard
129,dataset/138/img-2011-10-17-1531-4.jpg,138/img-2011-10-17-1531-4.jpg,138,keep
130,dataset/138/img-2011-10-17-1531.jpg,138/img-2011-10-17-1531.jpg,138,discard
131,dataset/139/img-2011-10-17-1533-1.jpg,139/img-2011-10-17-1533-1.jpg,139,keep
132,dataset/139/img-2011-10-17-1533.jpg,139/img-2011-10-17-1533.jpg,139,discard
133,dataset/140/img-2011-10-17-1535-1.jpg,140/img-2011-10-17-1535-1.jpg,140,keep
134,dataset/140/img-2011-10-17-1535.jpg,140/img-2011-10-17-1535.jpg,140,discard
135,dataset/141/img-2011-10-18-0209-1.JPG,141/img-2011-10-18-0209-1.JPG,141,keep
136,dataset/141/img-2011-10-18-0209-2.JPG,141/img-2011-10-18-0209-2.JPG,141,discard
137,dataset/141/img-2011-10-18-0209.JPG,141/img-2011-10-18-0209.JPG,141,discard
138,dataset/141/img-2011-10-18-0210.JPG,141/img-2011-10-18-0210.JPG,141,discard
139,dataset/142/img-2011-10-18-0212-1.JPG,142/img-2011-10-18-0212-1.JPG,142,discard
140,dataset/142/img-2011-10-18-0212-2.JPG,142/img-2011-10-18-0212-2.JPG,142,keep
141,dataset/142/img-2011-10-18-0212.JPG,142/img-2011-10-18-0212.JPG,142,discard
142,dataset/143/img-2011-10-19-1349-1.JPG,143/img-2011-10-19-1349-1.JPG,143,discard
143,dataset/143/img-2011-10-19-1349.JPG,143/img-2011-10-19-1349.JPG,143,discard
144,dataset/143/img-2011-10-19-1350-1.JPG,143/img-2011-10-19-1350-1.JPG,143,keep
145,dataset/143/img-2011-10-19-1350.JPG,143/img-2011-10-19-1350.JPG,143,discard
146,dataset/144/img-2011-10-20-0047-1.JPG,144/img-2011-10-20-0047-1.JPG,144,keep
147,dataset/144/img-2011-10-20-0047-2.JPG,144/img-2011-10-20-0047-2.JPG,144,discard
148,dataset/144/img-2011-10-20-0047.JPG,144/img-2011-10-20-0047.JPG,144,discard
149,dataset/145/img-2011-10-20-1237-1.JPG,145/img-2011-10-20-1237-1.JPG,145,discard
150,dataset/145/img-2011-10-20-1237-2.JPG,145/img-2011-10-20-1237-2.JPG,145,keep
151,dataset/145/img-2011-10-20-1237-3.JPG,145/img-2011-10-20-1237-3.JPG,145,discard
152,dataset/145/img-2011-10-20-1237.JPG,145/img-2011-10-20-1237.JPG,145,discard
153,dataset/146/img-2011-10-20-1238-1.JPG,146/img-2011-10-20-1238-1.JPG,146,keep
154,dataset/146/img-2011-10-20-1238.JPG,146/img-2011-10-20-1238.JPG,146,discard
155,dataset/147/img-2011-10-21-0910-1.JPG,147/img-2011-10-21-0910-1.JPG,147,keep
156,dataset/147/img-2011-10-21-0910.JPG,147/img-2011-10-21-0910.JPG,147,discard
157,dataset/148/img-2011-10-21-0956-1.JPG,148/img-2011-10-21-0956-1.JPG,148,discard
158,dataset/148/img-2011-10-21-0956.JPG,148/img-2011-10-21-0956.JPG,148,discard
159,dataset/148/img-2011-10-21-0957-1.JPG,148/img-2011-10-21-0957-1.JPG,148,keep
160,dataset/148/img-2011-10-21-0957.JPG,148/img-2011-10-21-0957.JPG,148,discard
161,dataset/149/img-2011-10-23-0730-1.JPG,149/img-2011-10-23-0730-1.JPG,149,discard
162,dataset/149/img-2011-10-23-0730.JPG,149/img-2011-10-23-0730.JPG,149,keep
163,dataset/150/img-2011-10-24-0156.JPG,150/img-2011-10-24-0156.JPG,150,discard
164,dataset/150/img-2011-10-24-0157-1.JPG,150/img-2011-10-24-0157-1.JPG,150,keep
165,dataset/150/img-2011-10-24-0157.JPG,150/img-2011-10-24-0157.JPG,150,discard
166,dataset/151/img-2011-10-24-0157-2.JPG,151/img-2011-10-24-0157-2.JPG,151,discard
167,dataset/151/img-2011-10-24-0157-3.JPG,151/img-2011-10-24-0157-3.JPG,151,discard
168,dataset/151/img-2011-10-24-0157-4.JPG,151/img-2011-10-24-0157-4.JPG,151,discard
169,dataset/151/img-2011-10-24-0158-1.JPG,151/img-2011-10-24-0158-1.JPG,151,discard
170,dataset/151/img-2011-10-24-0158.JPG,151/img-2011-10-24-0158.JPG,151,discard
171,dataset/152/img-2011-10-24-0901-1.jpg,152/img-2011-10-24-0901-1.jpg,152,keep
172,dataset/152/img-2011-10-24-0901-2.jpg,152/img-2011-10-24-0901-2.jpg,152,discard
173,dataset/153/img-2011-10-24-1426-1.jpg,153/img-2011-10-24-1426-1.jpg,153,discard
174,dataset/153/img-2011-10-24-1426.jpg,153/img-2011-10-24-1426.jpg,153,keep
175,dataset/155/img-2011-10-24-2141-1.JPG,155/img-2011-10-24-2141-1.JPG,155,keep
176,dataset/155/img-2011-10-24-2141-2.JPG,155/img-2011-10-24-2141-2.JPG,155,discard
177,dataset/155/img-2011-10-24-2141-3.JPG,155/img-2011-10-24-2141-3.JPG,155,discard
178,dataset/155/img-2011-10-24-2141.JPG,155/img-2011-10-24-2141.JPG,155,discard
179,dataset/155/img-2011-10-24-2142.JPG,155/img-2011-10-24-2142.JPG,155,discard
180,dataset/156/img-2011-10-25-0029-1.JPG,156/img-2011-10-25-0029-1.JPG,156,keep
181,dataset/156/img-2011-10-25-0029-2.JPG,156/img-2011-10-25-0029-2.JPG,156,discard
182,dataset/156/img-2011-10-25-0029-3.JPG,156/img-2011-10-25-0029-3.JPG,156,discard
183,dataset/158/img-2011-10-25-1259-1.jpg,158/img-2011-10-25-1259-1.jpg,158,keep
184,dataset/158/img-2011-10-25-1259.jpg,158/img-2011-10-25-1259.jpg,158,discard
185,dataset/159/img-2011-10-27-0444-1.JPG,159/img-2011-10-27-0444-1.JPG,159,discard
186,dataset/159/img-2011-10-27-0444-2.JPG,159/img-2011-10-27-0444-2.JPG,159,discard
187,dataset/159/img-2011-10-27-0444.JPG,159/img-2011-10-27-0444.JPG,159,keep
188,dataset/160/img-2011-10-27-0642.jpg,160/img-2011-10-27-0642.jpg,160,keep
189,dataset/160/img-2011-10-27-0643.jpg,160/img-2011-10-27-0643.jpg,160,discard
190,dataset/161/img-2011-10-27-0643-2.jpg,161/img-2011-10-27-0643-2.jpg,161,discard
191,dataset/161/img-2011-10-27-0643-3.jpg,161/img-2011-10-27-0643-3.jpg,161,discard
192,dataset/161/img-2011-10-27-0644-1.jpg,161/img-2011-10-27-0644-1.jpg,161,keep
193,dataset/161/img-2011-10-27-0644-2.jpg,161/img-2011-10-27-0644-2.jpg,161,keep
194,dataset/161/img-2011-10-27-0644.jpg,161/img-2011-10-27-0644.jpg,161,discard
195,dataset/162/img-2011-10-27-1232-1.jpg,162/img-2011-10-27-1232-1.jpg,162,discard
196,dataset/162/img-2011-10-27-1232-2.jpg,162/img-2011-10-27-1232-2.jpg,162,keep
197,dataset/162/img-2011-10-27-1232-3.jpg,162/img-2011-10-27-1232-3.jpg,162,keep
198,dataset/162/img-2011-10-27-1232.jpg,162/img-2011-10-27-1232.jpg,162,discard
199,dataset/163/img-2011-10-27-1333-1.jpg,163/img-2011-10-27-1333-1.jpg,163,discard
200,dataset/163/img-2011-10-27-1333.jpg,163/img-2011-10-27-1333.jpg,163,keep
201,dataset/164/img-2011-10-28-1907-1.jpg,164/img-2011-10-28-1907-1.jpg,164,discard
202,dataset/164/img-2011-10-28-1907-2.jpg,164/img-2011-10-28-1907-2.jpg,164,keep
203,dataset/164/img-2011-10-28-1907.jpg,164/img-2011-10-28-1907.jpg,164,discard
204,dataset/165/img-2011-10-31-1020-1.JPG,165/img-2011-10-31-1020-1.JPG,165,keep
205,dataset/165/img-2011-10-31-1020-2.JPG,165/img-2011-10-31-1020-2.JPG,165,keep
206,dataset/165/img-2011-10-31-1020.JPG,165/img-2011-10-31-1020.JPG,165,discard
207,dataset/165/img-2011-10-31-1021-1.JPG,165/img-2011-10-31-1021-1.JPG,165,discard
208,dataset/165/img-2011-10-31-1021-2.JPG,165/img-2011-10-31-1021-2.JPG,165,keep
209,dataset/165/img-2011-10-31-1021.JPG,165/img-2011-10-31-1021.JPG,165,discard
210,dataset/166/img-2011-11-13-0807-1.JPG,166/img-2011-11-13-0807-1.JPG,166,discard
211,dataset/166/img-2011-11-26-2031.JPG,166/img-2011-11-26-2031.JPG,166,keep
212,dataset/167/img-2011-11-04-1245-1.JPG,167/img-2011-11-04-1245-1.JPG,167,keep
213,dataset/167/img-2011-11-04-1245.JPG,167/img-2011-11-04-1245.JPG,167,discard
214,dataset/168/img-2011-11-06-1050-1.JPG,168/img-2011-11-06-1050-1.JPG,168,discard
215,dataset/168/img-2011-11-06-1050-2.JPG,168/img-2011-11-06-1050-2.JPG,168,keep
216,dataset/189/img-2011-11-06-1051-1.JPG,168/img-2011-11-06-1051-1.JPG,168,discard
217,dataset/189/img-2011-11-06-1051.JPG,168/img-2011-11-06-1051.JPG,168,keep
218,dataset/169/img-2011-11-06-1205-1.JPG,169/img-2011-11-06-1205-1.JPG,169,discard
219,dataset/169/img-2011-11-06-1205-2.JPG,169/img-2011-11-06-1205-2.JPG,169,keep
220,dataset/169/img-2011-11-06-1205-3.JPG,169/img-2011-11-06-1205-3.JPG,169,discard
221,dataset/169/img-2011-11-06-1205-4.JPG,169/img-2011-11-06-1205-4.JPG,169,discard
222,dataset/169/img-2011-11-06-1205-5.JPG,169/img-2011-11-06-1205-5.JPG,169,keep
223,dataset/169/img-2011-11-06-1205.JPG,169/img-2011-11-06-1205.JPG,169,discard
224,dataset/170/img-2011-11-06-1205-6.JPG,170/img-2011-11-06-1205-6.JPG,170,discard
225,dataset/170/img-2011-11-06-1205-7.JPG,170/img-2011-11-06-1205-7.JPG,170,discard
226,dataset/170/img-2011-11-06-1206-1.JPG,170/img-2011-11-06-1206-1.JPG,170,keep
227,dataset/171/img-2011-11-06-1206-3.JPG,171/img-2011-11-06-1206-3.JPG,171,keep
228,dataset/171/img-2011-11-06-1206-4.JPG,171/img-2011-11-06-1206-4.JPG,171,discard
229,dataset/172/img-2011-11-06-1207-1.JPG,172/img-2011-11-06-1207-1.JPG,172,discard
230,dataset/172/img-2011-11-06-1207-2.JPG,172/img-2011-11-06-1207-2.JPG,172,keep
231,dataset/172/img-2011-11-06-1207.JPG,172/img-2011-11-06-1207.JPG,172,discard
232,dataset/173/img-2011-11-06-1237-1.JPG,173/img-2011-11-06-1237-1.JPG,173,keep
233,dataset/173/img-2011-11-06-1237.JPG,173/img-2011-11-06-1237.JPG,173,discard
234,dataset/174/img-2011-11-06-1237-2.JPG,174/img-2011-11-06-1237-2.JPG,174,discard
235,dataset/174/img-2011-11-06-1237-3.JPG,174/img-2011-11-06-1237-3.JPG,174,keep
236,dataset/174/img-2011-11-06-1237-4.JPG,174/img-2011-11-06-1237-4.JPG,174,keep
237,dataset/174/img-2011-11-06-1237-5.JPG,174/img-2011-11-06-1237-5.JPG,174,discard
238,dataset/174/img-2011-11-06-1237-6.JPG,174/img-2011-11-06-1237-6.JPG,174,discard
239,dataset/174/img-2011-11-06-1237-7.JPG,174/img-2011-11-06-1237-7.JPG,174,discard
240,dataset/174/img-2011-11-06-1237-8.JPG,174/img-2011-11-06-1237-8.JPG,174,discard
241,dataset/175/img-2011-11-06-1240-1.JPG,175/img-2011-11-06-1240-1.JPG,175,discard
242,dataset/175/img-2011-11-06-1240-2.JPG,175/img-2011-11-06-1240-2.JPG,175,discard
243,dataset/175/img-2011-11-06-1240-3.JPG,175/img-2011-11-06-1240-3.JPG,175,keep
244,dataset/175/img-2011-11-06-1240.JPG,175/img-2011-11-06-1240.JPG,175,discard
245,dataset/176/img-2011-11-07-0127-1.JPG,176/img-2011-11-07-0127-1.JPG,176,keep
246,dataset/176/img-2011-11-07-0127-2.JPG,176/img-2011-11-07-0127-2.JPG,176,keep
247,dataset/176/img-2011-11-07-0127-3.JPG,176/img-2011-11-07-0127-3.JPG,176,discard
248,dataset/176/img-2011-11-07-0127-4.JPG,176/img-2011-11-07-0127-4.JPG,176,keep
249,dataset/176/img-2011-11-07-0127.JPG,176/img-2011-11-07-0127.JPG,176,discard
250,dataset/177/img-2011-11-08-0116-1.JPG,177/img-2011-11-08-0116-1.JPG,177,discard
251,dataset/177/img-2011-11-08-0116.JPG,177/img-2011-11-08-0116.JPG,177,discard
252,dataset/178/img-2011-11-08-1241-5.jpg,178/img-2011-11-08-1241-5.jpg,178,discard
253,dataset/178/img-2011-11-08-1241-6.jpg,178/img-2011-11-08-1241-6.jpg,178,keep
254,dataset/179/img-2011-11-08-1330-1.jpg,179/img-2011-11-08-1330-1.jpg,179,keep
255,dataset/179/img-2011-11-08-1330-2.jpg,179/img-2011-11-08-1330-2.jpg,179,keep
256,dataset/179/img-2011-11-08-1330.jpg,179/img-2011-11-08-1330.jpg,179,discard
257,dataset/180/img-2011-11-11-1710-1.jpg,180/img-2011-11-11-1710-1.jpg,180,discard
258,dataset/180/img-2011-11-11-1710.jpg,180/img-2011-11-11-1710.jpg,180,keep
259,dataset/180/img-2011-11-11-1711.jpg,180/img-2011-11-11-1711.jpg,180,keep
260,dataset/181/img-2011-11-12-1850-1.jpg,181/img-2011-11-12-1850-1.jpg,181,keep
261,dataset/181/img-2011-11-12-1850.jpg,181/img-2011-11-12-1850.jpg,181,keep
262,dataset/182/img-2011-11-12-1929-1.jpg,182/img-2011-11-12-1929-1.jpg,182,keep
263,dataset/182/img-2011-11-12-1929.jpg,182/img-2011-11-12-1929.jpg,182,keep
264,dataset/183/img-2011-11-21-1331-1.JPG,183/img-2011-11-21-1331-1.JPG,183,keep
265,dataset/183/img-2011-11-21-1331-2.JPG,183/img-2011-11-21-1331-2.JPG,183,discard
266,dataset/183/img-2011-11-21-1331-3.JPG,183/img-2011-11-21-1331-3.JPG,183,keep
267,dataset/183/img-2011-11-21-1331.JPG,183/img-2011-11-21-1331.JPG,183,discard
268,dataset/183/img-2011-11-21-1332-1.JPG,183/img-2011-11-21-1332-1.JPG,183,discard
269,dataset/183/img-2011-11-21-1332.JPG,183/img-2011-11-21-1332.JPG,183,keep
270,dataset/184/img-2011-11-23-1727-1.JPG,184/img-2011-11-23-1727-1.JPG,184,keep
271,dataset/184/img-2011-11-23-1727.JPG,184/img-2011-11-23-1727.JPG,184,discard
272,dataset/185/img-2011-11-23-1727-2.JPG,185/img-2011-11-23-1727-2.JPG,185,keep
273,dataset/185/img-2011-11-23-1727-3.JPG,185/img-2011-11-23-1727-3.JPG,185,discard
274,dataset/186/img-2011-12-12-2053-1.jpg,186/img-2011-12-12-2053-1.jpg,186,discard
275,dataset/186/img-2011-12-12-2053-2.jpg,186/img-2011-12-12-2053-2.jpg,186,keep
276,dataset/187/img-2011-12-12-2053-3.jpg,187/img-2011-12-12-2053-3.jpg,187,discard
277,dataset/187/img-2011-12-12-2053-4.jpg,187/img-2011-12-12-2053-4.jpg,187,discard
278,dataset/188/img-2011-12-17-1759-1.JPG,188/img-2011-12-17-1759-1.JPG,188,discard
279,dataset/188/img-2011-12-17-1759-2.JPG,188/img-2011-12-17-1759-2.JPG,188,keep
280,dataset/188/img-2011-12-17-1759.JPG,188/img-2011-12-17-1759.JPG,188,discard
281,dataset/200/2016-09-17 15.23.47.jpg,200/2016-09-17 15.23.47.jpg,200,keep
282,dataset/200/2016-09-17 15.23.56.jpg,200/2016-09-17 15.23.56.jpg,200,discard
283,dataset/200/2016-09-17 15.24.04.jpg,200/2016-09-17 15.24.04.jpg,200,discard
284,dataset/200/2016-09-17 15.24.05.jpg,200/2016-09-17 15.24.05.jpg,200,discard
285,dataset/200/2016-09-17 15.24.06.jpg,200/2016-09-17 15.24.06.jpg,200,discard
286,dataset/200/2016-09-17 15.24.09.jpg,200/2016-09-17 15.24.09.jpg,200,keep
287,dataset/201/2016-09-19 17.35.28.jpg,201/2016-09-19 17.35.28.jpg,201,keep
288,dataset/201/2016-09-19 17.35.29.jpg,201/2016-09-19 17.35.29.jpg,201,discard
289,dataset/202/2016-10-01 13.05.53.jpg,202/2016-10-01 13.05.53.jpg,202,discard
290,dataset/202/2016-10-01 13.06.14.jpg,202/2016-10-01 13.06.14.jpg,202,discard
291,dataset/202/2016-10-01 13.06.54.jpg,202/2016-10-01 13.06.54.jpg,202,discard
292,dataset/203/IMG_7927.jpg,203/IMG_7927.jpg,203,keep
293,dataset/203/IMG_7928.jpg,203/IMG_7928.jpg,203,discard
294,dataset/203/IMG_7929.jpg,203/IMG_7929.jpg,203,discard
295,dataset/204/2016-10-30 18.44.15.jpg,204/2016-10-30 18.44.15.jpg,204,keep
296,dataset/204/2016-10-30 18.44.18.jpg,204/2016-10-30 18.44.18.jpg,204,discard
297,dataset/204/2016-10-30 18.44.18_1.jpg,204/2016-10-30 18.44.18_1.jpg,204,discard
298,dataset/204/2016-10-30 18.44.19.jpg,204/2016-10-30 18.44.19.jpg,204,discard
299,dataset/205/2016-10-31 10.44.05.jpg,205/2016-10-31 10.44.05.jpg,205,discard
300,dataset/205/2016-10-31 10.44.06.jpg,205/2016-10-31 10.44.06.jpg,205,discard
301,dataset/205/2016-10-31 10.44.23.jpg,205/2016-10-31 10.44.23.jpg,205,discard
302,dataset/205/2016-10-31 10.44.25.jpg,205/2016-10-31 10.44.25.jpg,205,discard
303,dataset/205/2016-10-31 10.44.53.jpg,205/2016-10-31 10.44.53.jpg,205,keep
304,dataset/205/2016-10-31 10.45.10.jpg,205/2016-10-31 10.45.10.jpg,205,keep
305,dataset/205/2016-10-31 10.45.11.jpg,205/2016-10-31 10.45.11.jpg,205,discard
306,dataset/205/2016-10-31 10.45.12.jpg,205/2016-10-31 10.45.12.jpg,205,discard
307,dataset/206/2016-11-05 11.17.37.jpg,206/2016-11-05 11.17.37.jpg,206,keep
308,dataset/206/2016-11-05 11.17.39.jpg,206/2016-11-05 11.17.39.jpg,206,discard
309,dataset/206/2016-11-05 11.17.42.jpg,206/2016-11-05 11.17.42.jpg,206,discard
310,dataset/207/2016-11-06 16.09.00.jpg,207/2016-11-06 16.09.00.jpg,207,keep
311,dataset/207/2016-11-06 16.09.02.jpg,207/2016-11-06 16.09.02.jpg,207,discard
312,dataset/207/2016-11-06 16.09.07.jpg,207/2016-11-06 16.09.07.jpg,207,keep
313,dataset/208/2016-11-06 16.09.28.jpg,208/2016-11-06 16.09.28.jpg,208,discard
314,dataset/208/2016-11-06 16.09.29.jpg,208/2016-11-06 16.09.29.jpg,208,keep
315,dataset/209/2016-11-30 19.52.47.jpg,209/2016-11-30 19.52.47.jpg,209,discard
316,dataset/209/2016-11-30 19.52.48.jpg,209/2016-11-30 19.52.48.jpg,209,discard
317,dataset/209/2016-11-30 19.52.52.jpg,209/2016-11-30 19.52.52.jpg,209,keep
318,dataset/210/2016-12-04 20.46.41.jpg,210/2016-12-04 20.46.41.jpg,210,keep
319,dataset/210/2016-12-04 20.46.48.jpg,210/2016-12-04 20.46.48.jpg,210,discard
320,dataset/211/2016-12-08 19.10.09.jpg,211/2016-12-08 19.10.09.jpg,211,keep
321,dataset/211/2016-12-08 19.10.12.jpg,211/2016-12-08 19.10.12.jpg,211,discard
322,dataset/212/2016-12-19 19.40.36.jpg,212/2016-12-19 19.40.36.jpg,212,keep
323,dataset/212/2016-12-19 19.41.01.jpg,212/2016-12-19 19.41.01.jpg,212,discard
324,dataset/213/2016-12-23 15.17.52.jpg,213/2016-12-23 15.17.52.jpg,213,keep
325,dataset/213/2016-12-23 15.18.00.jpg,213/2016-12-23 15.18.00.jpg,213,keep
326,dataset/213/2016-12-23 15.18.01.jpg,213/2016-12-23 15.18.01.jpg,213,discard
327,dataset/213/2016-12-23 15.18.08.jpg,213/2016-12-23 15.18.08.jpg,213,discard
328,dataset/213/2016-12-23 15.18.12.jpg,213/2016-12-23 15.18.12.jpg,213,discard
329,dataset/213/2016-12-23 15.18.14.jpg,213/2016-12-23 15.18.14.jpg,213,discard
330,dataset/213/2016-12-23 15.18.18.jpg,213/2016-12-23 15.18.18.jpg,213,discard
331,dataset/214/2016-12-31 20.25.48.jpg,214/2016-12-31 20.25.48.jpg,214,discard
332,dataset/214/2016-12-31 20.25.55.jpg,214/2016-12-31 20.25.55.jpg,214,keep
333,dataset/214/2016-12-31 20.25.57.jpg,214/2016-12-31 20.25.57.jpg,214,keep
334,dataset/214/2016-12-31 20.25.58.jpg,214/2016-12-31 20.25.58.jpg,214,keep
335,dataset/214/2016-12-31 20.26.06.jpg,214/2016-12-31 20.26.06.jpg,214,discard
336,dataset/214/2016-12-31 20.26.09.jpg,214/2016-12-31 20.26.09.jpg,214,discard
337,dataset/214/2016-12-31 20.26.10.jpg,214/2016-12-31 20.26.10.jpg,214,discard
338,dataset/215/2017-01-02 10.11.45.jpg,215/2017-01-02 10.11.45.jpg,215,discard
339,dataset/215/2017-01-02 10.11.48.jpg,215/2017-01-02 10.11.48.jpg,215,discard
340,dataset/215/2017-01-02 10.11.51.jpg,215/2017-01-02 10.11.51.jpg,215,keep
341,dataset/215/2017-01-02 10.11.55.jpg,215/2017-01-02 10.11.55.jpg,215,discard
342,dataset/215/2017-01-02 10.11.57.jpg,215/2017-01-02 10.11.57.jpg,215,keep
343,dataset/216/2017-01-11 07.17.02.jpg,216/2017-01-11 07.17.02.jpg,216,keep
344,dataset/216/2017-01-11 07.17.04.jpg,216/2017-01-11 07.17.04.jpg,216,discard
345,dataset/216/2017-01-11 07.17.05.jpg,216/2017-01-11 07.17.05.jpg,216,discard
346,dataset/217/2017-01-14 18.27.41.jpg,217/2017-01-14 18.27.41.jpg,217,keep
347,dataset/217/2017-01-14 18.27.42.jpg,217/2017-01-14 18.27.42.jpg,217,discard
348,dataset/218/2017-01-15 10.21.56.jpg,218/2017-01-15 10.21.56.jpg,218,keep
349,dataset/218/2017-01-15 10.21.57.jpg,218/2017-01-15 10.21.57.jpg,218,discard
350,dataset/218/2017-01-15 10.21.59.jpg,218/2017-01-15 10.21.59.jpg,218,keep
351,dataset/218/2017-01-15 10.22.00.jpg,218/2017-01-15 10.22.00.jpg,218,keep
352,dataset/219/2017-01-28 20.16.09.jpg,219/2017-01-28 20.16.09.jpg,219,discard
353,dataset/219/2017-01-28 20.16.10.jpg,219/2017-01-28 20.16.10.jpg,219,discard
354,dataset/219/2017-01-28 20.16.19.jpg,219/2017-01-28 20.16.19.jpg,219,discard
355,dataset/219/2017-01-28 20.16.20.jpg,219/2017-01-28 20.16.20.jpg,219,discard
356,dataset/219/2017-01-28 20.16.21.jpg,219/2017-01-28 20.16.21.jpg,219,keep
357,dataset/219/2017-01-28 20.16.22.jpg,219/2017-01-28 20.16.22.jpg,219,keep
358,dataset/220/2017-01-28 20.16.55.jpg,220/2017-01-28 20.16.55.jpg,220,discard
359,dataset/220/2017-01-28 20.16.57.jpg,220/2017-01-28 20.16.57.jpg,220,discard
360,dataset/220/2017-01-28 20.16.58.jpg,220/2017-01-28 20.16.58.jpg,220,keep
361,dataset/220/2017-01-28 20.17.01.jpg,220/2017-01-28 20.17.01.jpg,220,discard
362,dataset/220/2017-01-28 20.17.02.jpg,220/2017-01-28 20.17.02.jpg,220,discard
363,dataset/220/2017-01-28 20.17.06.jpg,220/2017-01-28 20.17.06.jpg,220,discard
364,dataset/220/2017-01-28 20.17.07.jpg,220/2017-01-28 20.17.07.jpg,220,discard
365,dataset/220/2017-01-28 20.17.10.jpg,220/2017-01-28 20.17.10.jpg,220,discard
366,dataset/220/2017-01-28 20.17.17.jpg,220/2017-01-28 20.17.17.jpg,220,discard
367,dataset/220/2017-01-28 20.17.18.jpg,220/2017-01-28 20.17.18.jpg,220,discard
368,dataset/220/2017-01-28 20.17.32.jpg,220/2017-01-28 20.17.32.jpg,220,discard
369,dataset/222/2017-01-31 20.11.49.jpg,222/2017-01-31 20.11.49.jpg,222,keep
370,dataset/222/2017-01-31 20.11.51.jpg,222/2017-01-31 20.11.51.jpg,222,keep
371,dataset/222/2017-01-31 20.11.51_1.jpg,222/2017-01-31 20.11.51_1.jpg,222,discard
372,dataset/223/2017-02-04 13.28.52.jpg,223/2017-02-04 13.28.52.jpg,223,discard
373,dataset/223/2017-02-04 13.28.54.jpg,223/2017-02-04 13.28.54.jpg,223,discard
374,dataset/223/2017-02-04 13.28.59.jpg,223/2017-02-04 13.28.59.jpg,223,keep
375,dataset/224/2017-02-11 20.39.21.jpg,224/2017-02-11 20.39.21.jpg,224,discard
376,dataset/224/2017-02-11 20.39.22.jpg,224/2017-02-11 20.39.22.jpg,224,keep
377,dataset/224/2017-02-11 20.39.26.jpg,224/2017-02-11 20.39.26.jpg,224,keep
378,dataset/225/2017-02-11 20.45.36.jpg,225/2017-02-11 20.45.36.jpg,225,discard
379,dataset/225/2017-02-11 20.45.48.jpg,225/2017-02-11 20.45.48.jpg,225,keep
380,dataset/225/2017-02-11 20.45.48_1.jpg,225/2017-02-11 20.45.48_1.jpg,225,discard
381,dataset/225/2017-02-11 20.46.12.jpg,225/2017-02-11 20.46.12.jpg,225,keep
382,dataset/225/2017-02-11 20.46.13.jpg,225/2017-02-11 20.46.13.jpg,225,discard
383,dataset/226/2017-02-18 17.31.53.jpg,226/2017-02-18 17.31.53.jpg,226,discard
384,dataset/226/2017-02-18 17.32.05.jpg,226/2017-02-18 17.32.05.jpg,226,keep
385,dataset/226/2017-02-18 17.32.06.jpg,226/2017-02-18 17.32.06.jpg,226,discard
386,dataset/227/2017-02-20 19.28.30.jpg,227/2017-02-20 19.28.30.jpg,227,discard
387,dataset/227/2017-02-20 19.28.32.jpg,227/2017-02-20 19.28.32.jpg,227,discard
388,dataset/227/2017-02-20 19.28.33.jpg,227/2017-02-20 19.28.33.jpg,227,keep
389,dataset/228/2017-04-28 14.20.39.jpg,228/2017-04-28 14.20.39.jpg,228,discard
390,dataset/228/2017-04-28 14.20.44_1.jpg,228/2017-04-28 14.20.44_1.jpg,228,discard
391,dataset/228/2017-04-28 14.20.46.jpg,228/2017-04-28 14.20.46.jpg,228,keep
392,dataset/228/2017-04-28 14.20.47.jpg,228/2017-04-28 14.20.47.jpg,228,keep
393,dataset/228/2017-04-28 14.20.48.jpg,228/2017-04-28 14.20.48.jpg,228,discard
394,dataset/228/2017-04-28 14.20.49.jpg,228/2017-04-28 14.20.49.jpg,228,discard
395,dataset/229/2017-05-13 19.46.09.jpg,229/2017-05-13 19.46.09.jpg,229,discard
396,dataset/229/2017-05-13 19.46.10.jpg,229/2017-05-13 19.46.10.jpg,229,keep
397,dataset/229/2017-05-13 19.46.11.jpg,229/2017-05-13 19.46.11.jpg,229,discard
398,dataset/230/2017-06-11 13.09.17.jpg,230/2017-06-11 13.09.17.jpg,230,keep
399,dataset/230/2017-06-11 13.09.19.jpg,230/2017-06-11 13.09.19.jpg,230,discard
400,dataset/230/2017-06-11 13.09.20.jpg,230/2017-06-11 13.09.20.jpg,230,discard
401,dataset/230/2017-06-11 13.09.22.jpg,230/2017-06-11 13.09.22.jpg,230,discard
402,dataset/231/2017-08-17 07.12.58.jpg,231/2017-08-17 07.12.58.jpg,231,keep
403,dataset/231/2017-08-17 07.12.58_1.jpg,231/2017-08-17 07.12.58_1.jpg,231,keep
404,dataset/231/2017-08-17 07.13.00.jpg,231/2017-08-17 07.13.00.jpg,231,discard
405,dataset/231/2017-08-17 07.13.00_1.jpg,231/2017-08-17 07.13.00_1.jpg,231,discard
406,dataset/232/101_Bad.jpg,232/101_Bad.jpg,232,discard
407,dataset/232/102_Good.jpg,232/102_Good.jpg,232,keep
408,dataset/232/103_Bad.jpg,232/103_Bad.jpg,232,keep
409,dataset/232/104_Good.jpg,232/104_Good.jpg,232,discard
410,dataset/233/201_Good.jpg,233/201_Good.jpg,233,keep
411,dataset/233/202_Bad.jpg,233/202_Bad.jpg,233,discard
412,dataset/234/301_Bad.jpg,234/301_Bad.jpg,234,discard
413,dataset/234/302_Good.jpg,234/302_Good.jpg,234,keep
414,dataset/234/303_Bad.jpg,234/303_Bad.jpg,234,discard
415,dataset/235/401_Good.jpg,235/401_Good.jpg,235,keep
416,dataset/235/402_Bad.jpg,235/402_Bad.jpg,235,discard
417,dataset/235/403_Bad.jpg,235/403_Bad.jpg,235,keep
418,dataset/236/501_Bad.jpg,236/501_Bad.jpg,236,keep
419,dataset/236/502_Good.jpg,236/502_Good.jpg,236,keep
420,dataset/237/Bad_example.JPG,237/Bad_example.JPG,237,discard
421,dataset/237/Good_example.JPG,237/Good_example.JPG,237,keep
422,dataset/238/IMG_0021.JPG,238/IMG_0021.JPG,238,discard
423,dataset/238/IMG_0022.JPG,238/IMG_0022.JPG,238,discard
424,dataset/238/IMG_0024.JPG,238/IMG_0024.JPG,238,keep
425,dataset/238/IMG_0026.JPG,238/IMG_0026.JPG,238,discard
426,dataset/239/IMG_0359.JPG,239/IMG_0359.JPG,239,discard
427,dataset/239/IMG_0360.JPG,239/IMG_0360.JPG,239,keep
428,dataset/240/IMG_0437.JPG,240/IMG_0437.JPG,240,discard
429,dataset/240/IMG_0438.JPG,240/IMG_0438.JPG,240,discard
430,dataset/240/IMG_0439.JPG,240/IMG_0439.JPG,240,keep
431,dataset/240/IMG_0440.JPG,240/IMG_0440.JPG,240,discard
432,dataset/241/IMG_1062.jpg,241/IMG_1062.jpg,241,discard
433,dataset/241/IMG_1063.jpg,241/IMG_1063.jpg,241,keep
434,dataset/241/IMG_1064.jpg,241/IMG_1064.jpg,241,keep
435,dataset/242/IMG_1393.JPG,242/IMG_1393.JPG,242,keep
436,dataset/242/IMG_1394.JPG,242/IMG_1394.JPG,242,discard
437,dataset/243/IMG_20190330_181234.jpg,243/IMG_20190330_181234.jpg,243,keep
438,dataset/243/IMG_20190330_181235(1).jpg,243/IMG_20190330_181235(1).jpg,243,discard
439,dataset/243/IMG_20190330_181235.jpg,243/IMG_20190330_181235.jpg,243,keep
440,dataset/243/IMG_20190330_181236.jpg,243/IMG_20190330_181236.jpg,243,discard
441,dataset/243/IMG_20190330_181238.jpg,243/IMG_20190330_181238.jpg,243,discard
442,dataset/243/IMG_20190330_181241.jpg,243/IMG_20190330_181241.jpg,243,discard
443,dataset/243/IMG_20190330_181301.jpg,243/IMG_20190330_181301.jpg,243,discard
444,dataset/243/IMG_20190330_181306.jpg,243/IMG_20190330_181306.jpg,243,keep
445,dataset/243/IMG_20190330_181312.jpg,243/IMG_20190330_181312.jpg,243,discard
446,dataset/243/IMG_20190330_181318.jpg,243/IMG_20190330_181318.jpg,243,keep
447,dataset/244/IMG_20190330_181504.jpg,244/IMG_20190330_181504.jpg,244,discard
448,dataset/244/IMG_20190330_181505.jpg,244/IMG_20190330_181505.jpg,244,discard
449,dataset/244/IMG_20190330_181506.jpg,244/IMG_20190330_181506.jpg,244,keep
450,dataset/245/IMG_20190511_111650.jpg,245/IMG_20190511_111650.jpg,245,discard
451,dataset/245/IMG_20190511_111651.jpg,245/IMG_20190511_111651.jpg,245,discard
452,dataset/245/IMG_20190511_111712.jpg,245/IMG_20190511_111712.jpg,245,keep
453,dataset/245/IMG_20190511_111714.jpg,245/IMG_20190511_111714.jpg,245,discard
454,dataset/245/IMG_20190511_111727.jpg,245/IMG_20190511_111727.jpg,245,discard
455,dataset/245/IMG_20190511_111728.jpg,245/IMG_20190511_111728.jpg,245,discard
456,dataset/245/IMG_20190511_111729.jpg,245/IMG_20190511_111729.jpg,245,keep
457,dataset/246/2017-07-19 21.11.58.jpg,246/2017-07-19 21.11.58.jpg,246,discard
458,dataset/246/2017-07-19 21.12.03.jpg,246/2017-07-19 21.12.03.jpg,246,discard
459,dataset/246/2017-07-19 21.12.04.jpg,246/2017-07-19 21.12.04.jpg,246,keep
460,dataset/247/2017-07-21 18.48.54.jpg,247/2017-07-21 18.48.54.jpg,247,discard
461,dataset/247/2017-07-21 18.48.56.jpg,247/2017-07-21 18.48.56.jpg,247,keep
462,dataset/248/2017-07-30 09.13.09.jpg,248/2017-07-30 09.13.09.jpg,248,discard
463,dataset/248/2017-07-30 09.13.09_1.jpg,248/2017-07-30 09.13.09_1.jpg,248,discard
464,dataset/248/2017-07-30 09.13.13.jpg,248/2017-07-30 09.13.13.jpg,248,keep
465,dataset/249/2017-08-10 11.10.41.jpg,249/2017-08-10 11.10.41.jpg,249,discard
466,dataset/249/2017-08-10 11.10.49.jpg,249/2017-08-10 11.10.49.jpg,249,keep
467,dataset/250/2017-08-31 19.42.50.jpg,250/2017-08-31 19.42.50.jpg,250,discard
468,dataset/250/2017-08-31 19.42.51.jpg,250/2017-08-31 19.42.51.jpg,250,keep
469,dataset/251/2017-11-26 15.00.20.jpg,251/2017-11-26 15.00.20.jpg,251,discard
470,dataset/251/2017-11-26 15.00.23.jpg,251/2017-11-26 15.00.23.jpg,251,discard
471,dataset/251/2017-11-26 15.00.30.jpg,251/2017-11-26 15.00.30.jpg,251,keep
472,dataset/251/2017-11-26 15.00.31.jpg,251/2017-11-26 15.00.31.jpg,251,discard
473,dataset/251/2017-11-26 15.00.36.jpg,251/2017-11-26 15.00.36.jpg,251,discard
474,dataset/252/2017-12-24 19.20.56.jpg,252/2017-12-24 19.20.56.jpg,252,discard
475,dataset/252/2017-12-24 19.21.11.jpg,252/2017-12-24 19.21.11.jpg,252,keep
476,dataset/252/2017-12-24 19.21.14.jpg,252/2017-12-24 19.21.14.jpg,252,discard
477,dataset/253/2018-04-21 19.53.18.jpg,253/2018-04-21 19.53.18.jpg,253,discard
478,dataset/253/2018-04-21 19.53.23.jpg,253/2018-04-21 19.53.23.jpg,253,discard
479,dataset/253/2018-04-21 19.53.26.jpg,253/2018-04-21 19.53.26.jpg,253,keep
480,dataset/253/2018-04-21 19.53.28.jpg,253/2018-04-21 19.53.28.jpg,253,discard
481,dataset/254/2018-05-28 08.47.18.jpg,254/2018-05-28 08.47.18.jpg,254,discard
482,dataset/254/2018-05-28 08.47.20.jpg,254/2018-05-28 08.47.20.jpg,254,keep
483,dataset/255/2017-08-27 15.17.53.jpg,255/2017-08-27 15.17.53.jpg,255,keep
484,dataset/255/2017-08-27 15.17.59.jpg,255/2017-08-27 15.17.59.jpg,255,discard
485,dataset/255/2017-08-27 15.18.01.jpg,255/2017-08-27 15.18.01.jpg,255,discard
486,dataset/255/2017-08-27 15.18.03.jpg,255/2017-08-27 15.18.03.jpg,255,discard
487,dataset/256/2018-02-22 11.15.42.jpg,256/2018-02-22 11.15.42.jpg,256,discard
488,dataset/256/2018-02-22 11.15.44.jpg,256/2018-02-22 11.15.44.jpg,256,keep
489,dataset/256/2018-02-22 11.15.45.jpg,256/2018-02-22 11.15.45.jpg,256,discard
490,dataset/257/2018-12-14 14.40.45.jpg,257/2018-12-14 14.40.45.jpg,257,discard
491,dataset/257/2018-12-14 14.40.46.jpg,257/2018-12-14 14.40.46.jpg,257,keep
492,dataset/257/2018-12-14 14.40.47.jpg,257/2018-12-14 14.40.47.jpg,257,discard
493,dataset/258/2019-01-02 21.02.52.jpg,258/2019-01-02 21.02.52.jpg,258,discard
494,dataset/258/2019-01-02 21.02.56.jpg,258/2019-01-02 21.02.56.jpg,258,keep
495,dataset/258/2019-01-02 21.03.00.jpg,258/2019-01-02 21.03.00.jpg,258,discard
496,dataset/258/2019-01-02 21.03.02.jpg,258/2019-01-02 21.03.02.jpg,258,discard
497,dataset/258/2019-01-02 21.03.07.jpg,258/2019-01-02 21.03.07.jpg,258,discard
498,dataset/259/2019-01-19 16.36.14.jpg,259/2019-01-19 16.36.14.jpg,259,discard
499,dataset/259/2019-01-19 16.36.19.jpg,259/2019-01-19 16.36.19.jpg,259,discard
500,dataset/259/2019-01-19 16.36.32.jpg,259/2019-01-19 16.36.32.jpg,259,keep
501,dataset/260/2019-01-19 16.42.07.jpg,260/2019-01-19 16.42.07.jpg,260,keep
502,dataset/260/2019-01-19 16.42.17.jpg,260/2019-01-19 16.42.17.jpg,260,discard
503,dataset/262/2019-01-20 15.36.07.jpg,262/2019-01-20 15.36.07.jpg,262,discard
504,dataset/262/2019-01-20 15.36.08.jpg,262/2019-01-20 15.36.08.jpg,262,keep
505,dataset/264/2019-05-13 10.38.24_12.jpg,264/2019-05-13 10.38.24_12.jpg,264,discard
506,dataset/264/2019-05-13 10.38.24_13.jpg,264/2019-05-13 10.38.24_13.jpg,264,discard
507,dataset/264/2019-05-13 10.38.24_14.jpg,264/2019-05-13 10.38.24_14.jpg,264,discard
508,dataset/264/2019-05-13 10.38.24_15.jpg,264/2019-05-13 10.38.24_15.jpg,264,keep
509,dataset/265/2019-05-13 10.38.24_34.jpg,265/2019-05-13 10.38.24_34.jpg,265,discard
510,dataset/265/2019-05-13 10.38.24_35.jpg,265/2019-05-13 10.38.24_35.jpg,265,keep
511,dataset/266/2019-05-13 10.38.24_54.jpg,266/2019-05-13 10.38.24_54.jpg,266,keep
512,dataset/266/2019-05-13 10.38.24_55.jpg,266/2019-05-13 10.38.24_55.jpg,266,discard
513,dataset/266/2019-05-13 10.38.24_56.jpg,266/2019-05-13 10.38.24_56.jpg,266,discard
514,dataset/267/2019-05-13 10.38.24_69.jpg,267/2019-05-13 10.38.24_69.jpg,267,keep
515,dataset/267/2019-05-13 10.38.24_70.jpg,267/2019-05-13 10.38.24_70.jpg,267,discard
516,dataset/267/2019-05-13 10.38.24_71.jpg,267/2019-05-13 10.38.24_71.jpg,267,discard
517,dataset/268/2019-05-13 10.38.24_77.jpg,268/2019-05-13 10.38.24_77.jpg,268,discard
518,dataset/268/2019-05-13 10.38.24_78.jpg,268/2019-05-13 10.38.24_78.jpg,268,discard
519,dataset/268/2019-05-13 10.38.24_79.jpg,268/2019-05-13 10.38.24_79.jpg,268,discard
520,dataset/268/2019-05-13 10.38.24_80.jpg,268/2019-05-13 10.38.24_80.jpg,268,keep
521,dataset/269/2019-05-13 10.38.44_61.jpg,269/2019-05-13 10.38.44_61.jpg,269,discard
522,dataset/269/2019-05-13 10.38.44_62.jpg,269/2019-05-13 10.38.44_62.jpg,269,discard
523,dataset/269/2019-05-13 10.38.44_63.jpg,269/2019-05-13 10.38.44_63.jpg,269,keep
524,dataset/270/2019-05-14 18.28.43.jpg,270/2019-05-14 18.28.43.jpg,270,discard
525,dataset/270/2019-05-14 18.28.59.jpg,270/2019-05-14 18.28.59.jpg,270,keep
526,dataset/270/2019-05-14 18.29.46.jpg,270/2019-05-14 18.29.46.jpg,270,keep
527,dataset/271/2019-05-16 20.47.26.jpg,271/2019-05-16 20.47.26.jpg,271,discard
528,dataset/271/2019-05-16 20.47.28.jpg,271/2019-05-16 20.47.28.jpg,271,discard
529,dataset/271/2019-05-16 20.47.29.jpg,271/2019-05-16 20.47.29.jpg,271,keep
530,dataset/271/2019-05-16 20.47.30.jpg,271/2019-05-16 20.47.30.jpg,271,keep
531,dataset/272/2019-05-26 17.30.06.jpg,272/2019-05-26 17.30.06.jpg,272,discard
532,dataset/272/2019-05-26 17.30.10.jpg,272/2019-05-26 17.30.10.jpg,272,discard
533,dataset/272/2019-05-26 17.30.11.jpg,272/2019-05-26 17.30.11.jpg,272,discard
534,dataset/272/2019-05-26 17.30.11_1.jpg,272/2019-05-26 17.30.11_1.jpg,272,discard
535,dataset/272/2019-05-26 17.30.13.jpg,272/2019-05-26 17.30.13.jpg,272,keep
536,dataset/272/2019-05-26 17.30.14.jpg,272/2019-05-26 17.30.14.jpg,272,discard
537,dataset/272/2019-05-26 17.30.15.jpg,272/2019-05-26 17.30.15.jpg,272,discard
538,dataset/273/2019-05-26 17.30.34.jpg,273/2019-05-26 17.30.34.jpg,273,discard
539,dataset/273/2019-05-26 17.30.36.jpg,273/2019-05-26 17.30.36.jpg,273,discard
540,dataset/273/2019-05-26 17.30.37.jpg,273/2019-05-26 17.30.37.jpg,273,keep
541,dataset/274/2019-05-29 17.44.40.jpg,274/2019-05-29 17.44.40.jpg,274,discard
542,dataset/274/2019-05-29 17.44.41.jpg,274/2019-05-29 17.44.41.jpg,274,keep
543,dataset/274/2019-05-29 17.44.42.jpg,274/2019-05-29 17.44.42.jpg,274,discard
544,dataset/275/2019-06-06 17.57.57.jpg,275/2019-06-06 17.57.57.jpg,275,discard
545,dataset/275/2019-06-06 17.57.58.jpg,275/2019-06-06 17.57.58.jpg,275,keep
546,dataset/276/IMG_8082.jpg,276/IMG_8082.jpg,276,keep
547,dataset/276/IMG_8083.jpg,276/IMG_8083.jpg,276,discard
548,dataset/300/IMG_6060.JPG,300/IMG_6060.JPG,300,discard
549,dataset/300/IMG_6062.JPG,300/IMG_6062.JPG,300,keep
550,dataset/301/IMG_6103.JPG,301/IMG_6103.JPG,301,discard
551,dataset/301/IMG_6104.JPG,301/IMG_6104.JPG,301,discard
552,dataset/301/IMG_6105.JPG,301/IMG_6105.JPG,301,keep
553,dataset/302/IMG_6120.JPG,302/IMG_6120.JPG,302,discard
554,dataset/302/IMG_6121.JPG,302/IMG_6121.JPG,302,discard
555,dataset/302/IMG_6122.JPG,302/IMG_6122.JPG,302,keep
556,dataset/303/IMG_6123.JPG,303/IMG_6123.JPG,303,discard
557,dataset/303/IMG_6127.JPG,303/IMG_6127.JPG,303,keep
558,dataset/304/IMG_6142.JPG,304/IMG_6142.JPG,304,keep
559,dataset/304/IMG_6143.JPG,304/IMG_6143.JPG,304,discard
560,dataset/305/IMG_6144.JPG,305/IMG_6144.JPG,305,keep
561,dataset/305/IMG_6145.JPG,305/IMG_6145.JPG,305,keep
562,dataset/305/IMG_6146.JPG,305/IMG_6146.JPG,305,keep
563,dataset/306/IMG_6182.JPG,306/IMG_6182.JPG,306,keep
564,dataset/306/IMG_6185.JPG,306/IMG_6185.JPG,306,discard
565,dataset/306/IMG_6186.JPG,306/IMG_6186.JPG,306,discard
566,dataset/306/IMG_6188.JPG,306/IMG_6188.JPG,306,discard
567,dataset/308/IMG_6267.JPG,308/IMG_6267.JPG,308,keep
568,dataset/308/IMG_6268.JPG,308/IMG_6268.JPG,308,discard
569,dataset/308/IMG_6269.JPG,308/IMG_6269.JPG,308,keep
570,dataset/309/IMG_6322.JPG,309/IMG_6322.JPG,309,discard
571,dataset/309/IMG_6323.JPG,309/IMG_6323.JPG,309,keep
572,dataset/309/IMG_6324.JPG,309/IMG_6324.JPG,309,discard
573,dataset/309/IMG_6325.JPG,309/IMG_6325.JPG,309,discard
574,dataset/310/IMG_6348.JPG,310/IMG_6348.JPG,310,discard
575,dataset/310/IMG_6349.JPG,310/IMG_6349.JPG,310,discard
576,dataset/311/IMG_6383.JPG,311/IMG_6383.JPG,311,discard
577,dataset/311/IMG_6384.JPG,311/IMG_6384.JPG,311,keep
578,dataset/312/IMG_6391.JPG,312/IMG_6391.JPG,312,keep
579,dataset/312/IMG_6392.JPG,312/IMG_6392.JPG,312,discard
580,dataset/313/IMG_6397.JPG,313/IMG_6397.JPG,313,keep
581,dataset/313/IMG_6399.JPG,313/IMG_6399.JPG,313,discard
582,dataset/313/IMG_6401.JPG,313/IMG_6401.JPG,313,keep
583,dataset/314/IMG_6408.JPG,314/IMG_6408.JPG,314,keep
584,dataset/314/IMG_6409.JPG,314/IMG_6409.JPG,314,discard
585,dataset/315/IMG_6461.JPG,315/IMG_6461.JPG,315,discard
586,dataset/315/IMG_6462.JPG,315/IMG_6462.JPG,315,keep
587,dataset/315/IMG_6463.JPG,315/IMG_6463.JPG,315,keep
588,dataset/316/IMG_6505.JPG,316/IMG_6505.JPG,316,discard
589,dataset/316/IMG_6506.JPG,316/IMG_6506.JPG,316,discard
590,dataset/316/IMG_6508.JPG,316/IMG_6508.JPG,316,keep
591,dataset/317/IMG_6522.JPG,317/IMG_6522.JPG,317,discard
592,dataset/317/IMG_6523.JPG,317/IMG_6523.JPG,317,keep
593,dataset/317/IMG_6524.JPG,317/IMG_6524.JPG,317,discard
594,dataset/317/IMG_6525.JPG,317/IMG_6525.JPG,317,keep
595,dataset/318/IMG_6526.JPG,318/IMG_6526.JPG,318,discard
596,dataset/318/IMG_6527.JPG,318/IMG_6527.JPG,318,discard
597,dataset/318/IMG_6528.JPG,318/IMG_6528.JPG,318,keep
598,dataset/319/IMG_6550.JPG,319/IMG_6550.JPG,319,discard
599,dataset/319/IMG_6551.JPG,319/IMG_6551.JPG,319,keep
600,dataset/319/IMG_6552.JPG,319/IMG_6552.JPG,319,discard
601,dataset/320/IMG_6558.JPG,320/IMG_6558.JPG,320,keep
602,dataset/320/IMG_6559.JPG,320/IMG_6559.JPG,320,discard
603,dataset/321/IMG_6580.JPG,321/IMG_6580.JPG,321,discard
604,dataset/321/IMG_6582.JPG,321/IMG_6582.JPG,321,discard
605,dataset/321/IMG_6584.JPG,321/IMG_6584.JPG,321,discard
606,dataset/321/IMG_6586.JPG,321/IMG_6586.JPG,321,keep
607,dataset/322/IMG_6599.JPG,322/IMG_6599.JPG,322,discard
608,dataset/322/IMG_6601.JPG,322/IMG_6601.JPG,322,keep
609,dataset/323/IMG_6642.JPG,323/IMG_6642.JPG,323,keep
610,dataset/323/IMG_6643.JPG,323/IMG_6643.JPG,323,keep
611,dataset/323/IMG_6645.JPG,323/IMG_6645.JPG,323,discard
612,dataset/323/IMG_6646.JPG,323/IMG_6646.JPG,323,keep
613,dataset/324/IMG_6649.JPG,324/IMG_6649.JPG,324,keep
614,dataset/324/IMG_6650.JPG,324/IMG_6650.JPG,324,keep
615,dataset/324/IMG_6651.JPG,324/IMG_6651.JPG,324,keep
616,dataset/324/IMG_6652.JPG,324/IMG_6652.JPG,324,discard
617,dataset/325/IMG_6655.JPG,325/IMG_6655.JPG,325,discard
618,dataset/325/IMG_6656.JPG,325/IMG_6656.JPG,325,keep
619,dataset/325/IMG_6657.JPG,325/IMG_6657.JPG,325,discard
620,dataset/326/IMG_6670.JPG,326/IMG_6670.JPG,326,discard
621,dataset/326/IMG_6671.JPG,326/IMG_6671.JPG,326,keep
622,dataset/327/IMG_6672.JPG,327/IMG_6672.JPG,327,discard
623,dataset/327/IMG_6673.JPG,327/IMG_6673.JPG,327,discard
624,dataset/327/IMG_6675.JPG,327/IMG_6675.JPG,327,discard
625,dataset/328/IMG_6692.JPG,328/IMG_6692.JPG,328,discard
626,dataset/328/IMG_6693.JPG,328/IMG_6693.JPG,328,keep
627,dataset/328/IMG_6694.JPG,328/IMG_6694.JPG,328,keep
628,dataset/330/IMG_6812.JPG,330/IMG_6812.JPG,330,discard
629,dataset/330/IMG_6813.JPG,330/IMG_6813.JPG,330,discard
630,dataset/330/IMG_6814.JPG,330/IMG_6814.JPG,330,keep
631,dataset/331/IMG_6816.JPG,331/IMG_6816.JPG,331,discard
632,dataset/331/IMG_6817.JPG,331/IMG_6817.JPG,331,keep
633,dataset/332/IMG_6818.JPG,332/IMG_6818.JPG,332,discard
634,dataset/332/IMG_6819.JPG,332/IMG_6819.JPG,332,discard
635,dataset/332/IMG_6820.JPG,332/IMG_6820.JPG,332,keep
636,dataset/333/IMG_6833.JPG,333/IMG_6833.JPG,333,discard
637,dataset/333/IMG_6834.JPG,333/IMG_6834.JPG,333,discard
638,dataset/333/IMG_6835.JPG,333/IMG_6835.JPG,333,discard
639,dataset/333/IMG_6836.JPG,333/IMG_6836.JPG,333,discard
640,dataset/333/IMG_6837.JPG,333/IMG_6837.JPG,333,keep
641,dataset/334/IMG_6847.JPG,334/IMG_6847.JPG,334,discard
642,dataset/334/IMG_6848.JPG,334/IMG_6848.JPG,334,discard
643,dataset/334/IMG_6849.JPG,334/IMG_6849.JPG,334,discard
644,dataset/334/IMG_6850.JPG,334/IMG_6850.JPG,334,discard
645,dataset/334/IMG_6851.JPG,334/IMG_6851.JPG,334,discard
646,dataset/334/IMG_6852.JPG,334/IMG_6852.JPG,334,keep
647,dataset/335/IMG_6861.JPG,335/IMG_6861.JPG,335,discard
648,dataset/335/IMG_6862.JPG,335/IMG_6862.JPG,335,keep
649,dataset/335/IMG_6863.JPG,335/IMG_6863.JPG,335,keep
650,dataset/335/IMG_6864.JPG,335/IMG_6864.JPG,335,discard
651,dataset/335/IMG_6865.JPG,335/IMG_6865.JPG,335,discard
652,dataset/336/IMG_6892.JPG,336/IMG_6892.JPG,336,keep
653,dataset/336/IMG_6893.JPG,336/IMG_6893.JPG,336,discard
654,dataset/337/IMG_6907.JPG,337/IMG_6907.JPG,337,discard
655,dataset/337/IMG_6908.JPG,337/IMG_6908.JPG,337,keep
656,dataset/338/IMG_6922.JPG,338/IMG_6922.JPG,338,discard
657,dataset/338/IMG_6923.JPG,338/IMG_6923.JPG,338,discard
658,dataset/338/IMG_6924.JPG,338/IMG_6924.JPG,338,keep
659,dataset/339/IMG_6950.JPG,339/IMG_6950.JPG,339,keep
660,dataset/339/IMG_6951.JPG,339/IMG_6951.JPG,339,discard
661,dataset/340/IMG_0106.JPG,340/IMG_0106.JPG,340,discard
662,dataset/340/IMG_0107.JPG,340/IMG_0107.JPG,340,keep
663,dataset/340/IMG_0110.JPG,340/IMG_0110.JPG,340,discard
664,dataset/341/IMG_0122.JPG,341/IMG_0122.JPG,341,discard
665,dataset/341/IMG_0123.JPG,341/IMG_0123.JPG,341,keep
666,dataset/341/IMG_0124.JPG,341/IMG_0124.JPG,341,discard
667,dataset/342/IMG_0140.JPG,342/IMG_0140.JPG,342,discard
668,dataset/342/IMG_0141.JPG,342/IMG_0141.JPG,342,discard
669,dataset/342/IMG_0147.JPG,342/IMG_0147.JPG,342,discard
670,dataset/342/IMG_0153.JPG,342/IMG_0153.JPG,342,keep
671,dataset/343/IMG_0158.JPG,343/IMG_0158.JPG,343,discard
672,dataset/343/IMG_0159.JPG,343/IMG_0159.JPG,343,discard
673,dataset/343/IMG_0161.JPG,343/IMG_0161.JPG,343,keep
674,dataset/344/IMG_20190501_200320.jpg,344/IMG_20190501_200320.jpg,344,discard
675,dataset/344/IMG_20190501_200322_1.jpg,344/IMG_20190501_200322_1.jpg,344,keep
676,dataset/344/IMG_20190501_200323.jpg,344/IMG_20190501_200323.jpg,344,discard
677,dataset/344/IMG_20190501_200324.jpg,344/IMG_20190501_200324.jpg,344,discard
678,dataset/344/IMG_20190501_200326.jpg,344/IMG_20190501_200326.jpg,344,discard
679,dataset/345/IMG_4127.JPG,345/IMG_4127.JPG,345,keep
680,dataset/345/IMG_4128.JPG,345/IMG_4128.JPG,345,keep
681,dataset/345/IMG_4129.JPG,345/IMG_4129.JPG,345,discard
682,dataset/346/IMG_4841.JPG,346/IMG_4841.JPG,346,discard
683,dataset/346/IMG_4842.JPG,346/IMG_4842.JPG,346,keep
684,dataset/347/IMG_4855.JPG,347/IMG_4855.JPG,347,discard
685,dataset/347/IMG_4856.JPG,347/IMG_4856.JPG,347,keep
686,dataset/348/IMG_4859.JPG,348/IMG_4859.JPG,348,keep
687,dataset/348/IMG_4860.JPG,348/IMG_4860.JPG,348,discard
688,dataset/348/IMG_4861.JPG,348/IMG_4861.JPG,348,keep
689,dataset/349/IMG_4862.JPG,349/IMG_4862.JPG,349,keep
690,dataset/349/IMG_4863.JPG,349/IMG_4863.JPG,349,discard
691,dataset/349/IMG_4864.JPG,349/IMG_4864.JPG,349,discard
692,dataset/349/IMG_4865.JPG,349/IMG_4865.JPG,349,discard
693,dataset/349/IMG_4866.JPG,349/IMG_4866.JPG,349,keep
694,dataset/350/IMG_4912.JPG,350/IMG_4912.JPG,350,discard
695,dataset/350/IMG_4913.JPG,350/IMG_4913.JPG,350,keep
696,dataset/351/IMG_4951.JPG,351/IMG_4951.JPG,351,discard
697,dataset/351/IMG_4952.JPG,351/IMG_4952.JPG,351,discard
698,dataset/351/IMG_4955.JPG,351/IMG_4955.JPG,351,keep
699,dataset/352/IMG_7781.JPG,352/IMG_7781.JPG,352,discard
700,dataset/352/IMG_7783.JPG,352/IMG_7783.JPG,352,keep
701,dataset/353/IMG_8612.JPG,353/IMG_8612.JPG,353,keep
702,dataset/353/IMG_8613.JPG,353/IMG_8613.JPG,353,discard
703,dataset/353/IMG_8614.JPG,353/IMG_8614.JPG,353,discard
704,dataset/353/IMG_8615.JPG,353/IMG_8615.JPG,353,discard
705,dataset/354/IMG_0015.JPG,354/IMG_0015.JPG,354,keep
706,dataset/354/IMG_0017.JPG,354/IMG_0017.JPG,354,discard
707,dataset/355/IMG_0006.JPG,355/IMG_0006.JPG,355,keep
708,dataset/355/IMG_0011.JPG,355/IMG_0011.JPG,355,keep
709,dataset/355/IMG_0018.JPG,355/IMG_0018.JPG,355,discard
710,dataset/355/IMG_0021.JPG,355/IMG_0021.JPG,355,discard
711,dataset/355/IMG_0024.JPG,355/IMG_0024.JPG,355,keep
712,dataset/356/IMG_7118.JPG,356/IMG_7118.JPG,356,keep
713,dataset/356/IMG_7119.JPG,356/IMG_7119.JPG,356,discard
714,dataset/356/IMG_7121.JPG,356/IMG_7121.JPG,356,discard
715,dataset/356/IMG_7122.JPG,356/IMG_7122.JPG,356,discard
716,dataset/356/IMG_7123.JPG,356/IMG_7123.JPG,356,keep
717,dataset/357/IMG_7124.JPG,357/IMG_7124.JPG,357,discard
718,dataset/357/IMG_7125.JPG,357/IMG_7125.JPG,357,keep
719,dataset/357/IMG_7126.JPG,357/IMG_7126.JPG,357,discard
720,dataset/357/IMG_7127.JPG,357/IMG_7127.JPG,357,discard
721,dataset/357/IMG_7128.JPG,357/IMG_7128.JPG,357,discard
722,dataset/357/IMG_7129.JPG,357/IMG_7129.JPG,357,discard
723,dataset/358/IMG_7168.JPG,358/IMG_7168.JPG,358,discard
724,dataset/358/IMG_7169.JPG,358/IMG_7169.JPG,358,keep
725,dataset/358/IMG_7170.JPG,358/IMG_7170.JPG,358,discard
726,dataset/358/IMG_7171.JPG,358/IMG_7171.JPG,358,keep
727,dataset/359/IMG_7368.JPG,359/IMG_7368.JPG,359,discard
728,dataset/359/IMG_7369.JPG,359/IMG_7369.JPG,359,discard
729,dataset/359/IMG_7371.JPG,359/IMG_7371.JPG,359,keep
730,dataset/360/IMG_7401.JPG,360/IMG_7401.JPG,360,keep
731,dataset/360/IMG_7403.JPG,360/IMG_7403.JPG,360,discard
732,dataset/361/IMG_7479.JPG,361/IMG_7479.JPG,361,discard
733,dataset/361/IMG_7480.JPG,361/IMG_7480.JPG,361,discard
734,dataset/361/IMG_7481.JPG,361/IMG_7481.JPG,361,discard
735,dataset/361/IMG_7482.JPG,361/IMG_7482.JPG,361,keep
736,dataset/362/IMG_7494.JPG,362/IMG_7494.JPG,362,discard
737,dataset/362/IMG_7495.JPG,362/IMG_7495.JPG,362,discard
738,dataset/362/IMG_7496.JPG,362/IMG_7496.JPG,362,keep
739,dataset/362/IMG_7497.JPG,362/IMG_7497.JPG,362,discard
740,dataset/362/IMG_7498.JPG,362/IMG_7498.JPG,362,discard
741,dataset/363/IMG_7536.JPG,363/IMG_7536.JPG,363,discard
742,dataset/363/IMG_7538.JPG,363/IMG_7538.JPG,363,discard
743,dataset/363/IMG_7540.JPG,363/IMG_7540.JPG,363,keep
744,dataset/364/IMG_7548.JPG,364/IMG_7548.JPG,364,discard
745,dataset/364/IMG_7549.JPG,364/IMG_7549.JPG,364,discard
746,dataset/364/IMG_7550.JPG,364/IMG_7550.JPG,364,keep
747,dataset/365/IMG_7703.JPG,365/IMG_7703.JPG,365,discard
748,dataset/365/IMG_7704.JPG,365/IMG_7704.JPG,365,keep
749,dataset/365/IMG_7705.JPG,365/IMG_7705.JPG,365,discard
750,dataset/366/IMG_7718.JPG,366/IMG_7718.JPG,366,discard
751,dataset/366/IMG_7719.JPG,366/IMG_7719.JPG,366,discard
752,dataset/366/IMG_7720.JPG,366/IMG_7720.JPG,366,discard
753,dataset/366/IMG_7721.JPG,366/IMG_7721.JPG,366,keep
754,dataset/366/IMG_7722.JPG,366/IMG_7722.JPG,366,keep
755,dataset/366/IMG_7723.JPG,366/IMG_7723.JPG,366,discard
756,dataset/367/IMG_7821.JPG,367/IMG_7821.JPG,367,discard
757,dataset/367/IMG_7822.JPG,367/IMG_7822.JPG,367,keep
758,dataset/367/IMG_7823.JPG,367/IMG_7823.JPG,367,discard
759,dataset/368/IMG_7824.JPG,368/IMG_7824.JPG,368,discard
760,dataset/368/IMG_7825.JPG,368/IMG_7825.JPG,368,keep
761,dataset/369/IMG_7867.JPG,369/IMG_7867.JPG,369,keep
762,dataset/369/IMG_7868.JPG,369/IMG_7868.JPG,369,discard
763,dataset/369/IMG_7869.JPG,369/IMG_7869.JPG,369,discard
764,dataset/370/IMG_7881.JPG,370/IMG_7881.JPG,370,discard
765,dataset/370/IMG_7882.JPG,370/IMG_7882.JPG,370,discard
766,dataset/370/IMG_7883.JPG,370/IMG_7883.JPG,370,discard
767,dataset/370/IMG_7884.JPG,370/IMG_7884.JPG,370,keep
768,dataset/371/IMG_7980.JPG,371/IMG_7980.JPG,371,keep
769,dataset/371/IMG_7981.JPG,371/IMG_7981.JPG,371,discard
770,dataset/371/IMG_7982.JPG,371/IMG_7982.JPG,371,discard
771,dataset/372/IMG_7991.JPG,372/IMG_7991.JPG,372,keep
772,dataset/372/IMG_7992.JPG,372/IMG_7992.JPG,372,discard
773,dataset/372/IMG_7993.JPG,372/IMG_7993.JPG,372,discard
774,dataset/373/IMG_5566.JPG,373/IMG_5566.JPG,373,keep
775,dataset/373/IMG_5567.JPG,373/IMG_5567.JPG,373,discard
776,dataset/373/IMG_5568.JPG,373/IMG_5568.JPG,373,keep
777,dataset/374/IMG_5592.JPG,374/IMG_5592.JPG,374,keep
778,dataset/374/IMG_5593.JPG,374/IMG_5593.JPG,374,discard
779,dataset/375/IMG_5599.JPG,375/IMG_5599.JPG,375,discard
780,dataset/375/IMG_5600.JPG,375/IMG_5600.JPG,375,discard
781,dataset/376/IMG_5601.JPG,376/IMG_5601.JPG,376,discard
782,dataset/376/IMG_5602.JPG,376/IMG_5602.JPG,376,discard
783,dataset/377/IMG_5614.JPG,377/IMG_5614.JPG,377,keep
784,dataset/377/IMG_5615.JPG,377/IMG_5615.JPG,377,discard
785,dataset/378/IMG_5632.JPG,378/IMG_5632.JPG,378,discard
786,dataset/378/IMG_5633.JPG,378/IMG_5633.JPG,378,discard
787,dataset/378/IMG_5634.JPG,378/IMG_5634.JPG,378,keep
788,dataset/379/IMG_5936.JPG,379/IMG_5936.JPG,379,discard
789,dataset/379/IMG_5937.JPG,379/IMG_5937.JPG,379,keep
790,dataset/379/IMG_5938.JPG,379/IMG_5938.JPG,379,discard
791,dataset/380/IMG_8007.JPG,380/IMG_8007.JPG,380,discard
792,dataset/380/IMG_8008.JPG,380/IMG_8008.JPG,380,keep
793,dataset/381/IMG_8055.JPG,381/IMG_8055.JPG,381,discard
794,dataset/381/IMG_8056.JPG,381/IMG_8056.JPG,381,discard
795,dataset/381/IMG_8057.JPG,381/IMG_8057.JPG,381,discard
796,dataset/381/IMG_8058.JPG,381/IMG_8058.JPG,381,discard
797,dataset/381/IMG_8059.JPG,381/IMG_8059.JPG,381,keep
798,dataset/381/IMG_8060.JPG,381/IMG_8060.JPG,381,discard
799,dataset/382/IMG_8074.JPG,382/IMG_8074.JPG,382,keep
800,dataset/382/IMG_8075.JPG,382/IMG_8075.JPG,382,keep
801,dataset/382/IMG_8076.JPG,382/IMG_8076.JPG,382,keep
802,dataset/382/IMG_8077.JPG,382/IMG_8077.JPG,382,discard
803,dataset/382/IMG_8078.JPG,382/IMG_8078.JPG,382,discard
804,dataset/382/IMG_8079.JPG,382/IMG_8079.JPG,382,discard
805,dataset/382/IMG_8080.JPG,382/IMG_8080.JPG,382,discard
806,dataset/382/IMG_8081.JPG,382/IMG_8081.JPG,382,discard
807,dataset/382/IMG_8082.JPG,382/IMG_8082.JPG,382,discard
808,dataset/382/IMG_8083.JPG,382/IMG_8083.JPG,382,discard
809,dataset/383/IMG_8087.JPG,383/IMG_8087.JPG,383,keep
810,dataset/383/IMG_8088.JPG,383/IMG_8088.JPG,383,discard
811,dataset/384/IMG_8593.JPG,384/IMG_8593.JPG,384,keep
812,dataset/384/IMG_8594.JPG,384/IMG_8594.JPG,384,discard
813,dataset/384/IMG_8595.JPG,384/IMG_8595.JPG,384,discard
814,dataset/384/IMG_8596.JPG,384/IMG_8596.JPG,384,discard
815,dataset/384/IMG_8597.JPG,384/IMG_8597.JPG,384,keep
816,dataset/384/IMG_8598.JPG,384/IMG_8598.JPG,384,discard
817,dataset/384/IMG_8599.JPG,384/IMG_8599.JPG,384,discard
818,dataset/384/IMG_8600.JPG,384/IMG_8600.JPG,384,discard
819,dataset/384/IMG_8601.JPG,384/IMG_8601.JPG,384,discard
820,dataset/384/IMG_8602.JPG,384/IMG_8602.JPG,384,discard
821,dataset/385/IMG_8607.JPG,385/IMG_8607.JPG,385,discard
822,dataset/385/IMG_8609.JPG,385/IMG_8609.JPG,385,discard
823,dataset/385/IMG_8610.JPG,385/IMG_8610.JPG,385,discard
824,dataset/385/IMG_8611.JPG,385/IMG_8611.JPG,385,keep
